ProLift 300,2019,LiftTech,Heavy-duty lift system,Lifting Equipment,4/10/2024,500,50x50x20
EarthMover 1500,2018,HeavyMachinery Inc.,Powerful excavator,Excavation Equipment,12/30/2023,2000,100x120x40
SolarPanel Pro,2022,EcoEnergy,Efficient solar panel,Renewable Energy,2/18/2027,50,65x40x3
HydroPump 250,2021,AquaTech,Advanced water pump,Pumping Equipment,11/5/2025,150,40x30x15
CargoMaster 700,2020,FreightSolutions,Heavy-duty cargo transport system,Transport Equipment,3/20/2025,40,70x70x15
Precision R100,2022,Precision Tools,Precision surveying equipment,Surveying Equipment,1/25/2026,20,45x30x5
GigaRig 5000,2020,MegaMachines,Industrial rigging equipment,Rigging Equipment,12/10/2025,2500,120x120x50
PowerGen 2500,2022,EnergyMax,Portable power generator,Generating Equipment,3/2/2027,100,60x40x40
FlexiScoop 400,2021,ConstrucTech,Versatile digging attachment,Excavation Equipment,8/30/2025,75,35x25x15
ShieldTech 300,2023,Security Solutions,Advanced security system,Security Equipment,11/11/2026,18,30x30x12
SmartFarm 100,2022,AgriTech,Automated farming equipment,Agricultural Equipment,6/5/2026,16,30x30x10
WaveRider 250,2020,MarineTech,High-speed watercraft,Watercraft,7/20/2025,220,25x10x5
DataLogger 500,2021,SensorTech,Advanced data logging equipment,Data Collection,9/15/2025,10,15x10x8
UtilityMover 350,2023,Utility Solutions,All-terrain utility vehicle,Utility Vehicle,10/22/2026,1200,85x60x50
WeatherStation 400,2022,WeatherTech,Comprehensive weather monitoring,Monitoring Equipment,4/5/2026,25,20x15x10
Forklift Pro 500,2020,Forklift Solutions,Industrial forklift,Material Handling,11/30/2025,1500,90x50x60
LoadMaster 600,2021,LoadTech,Heavy load management system,Load Management,8/12/2025,300,70x40x20
Mixer 3000,2023,MixTech,High-capacity industrial mixer,Mixing Equipment,7/14/2026,400,55x55x30
Compressor X100,2021,AirTech,High-efficiency air compressor,Compression Equipment,9/9/2025,100,30x30x20
Grader Pro 250,2022,Grading Solutions,Precision grading machine,Grading Equipment,5/25/2026,900,80x60x30
